{"stats":{"minecraft:killed_by":{"minecraft:player":16,"minecraft:skeleton":3,"minecraft:zombie":1},"minecraft:dropped":{"minecraft:iron_ingot":2,"minecraft:wheat_seeds":1,"minecraft:lilac":2,"minecraft:iron_helmet":1,"minecraft:flint":5,"minecraft:iron_leggings":1,"minecraft:stone_axe":1,"minecraft:rotten_flesh":1,"minecraft:iron_boots":1,"minecraft:cooked_mutton":5,"minecraft:shield":4,"minecraft:iron_chestplate":1,"minecraft:oak_sapling":2,"minecraft:spider_eye":1,"minecraft:arrow":58,"minecraft:black_wool":1},"minecraft:mined":{"minecraft:tuff":1,"minecraft:white_bed":1,"minecraft:mossy_cobblestone":2,"minecraft:deepslate_diamond_ore":23,"minecraft:acacia_log":10,"minecraft:grass_block":33,"minecraft:spawner":3,"minecraft:furnace":11,"minecraft:iron_ore":19,"minecraft:cobbled_deepslate":1,"minecraft:andesite":3,"minecraft:deepslate_iron_ore":14,"minecraft:pink_tulip":1,"minecraft:stone":28,"minecraft:crafting_table":8,"minecraft:torch":1,"minecraft:tall_grass":7,"minecraft:cobblestone":4,"minecraft:wall_torch":2,"minecraft:wheat":2,"minecraft:lilac":1,"minecraft:birch_leaves":1,"minecraft:grass":41,"minecraft:oak_log":51,"minecraft:coal_ore":22,"minecraft:sunflower":3,"minecraft:gravel":2,"minecraft:dirt":46,"minecraft:cobweb":13,"minecraft:acacia_planks":17,"minecraft:deepslate":44,"minecraft:oak_leaves":12},"minecraft:used":{"minecraft:stone_sword":153,"minecraft:iron_shovel":64,"minecraft:shield":127,"minecraft:iron_sword":97,"minecraft:rotten_flesh":14,"minecraft:iron_chestplate":1,"minecraft:torch":3,"minecraft:dirt":61,"minecraft:carrot":1,"minecraft:diamond_helmet":1,"minecraft:tuff":1,"minecraft:wooden_axe":28,"minecraft:iron_axe":23,"minecraft:iron_helmet":1,"minecraft:iron_boots":1,"minecraft:diamond_chestplate":1,"minecraft:light_gray_wool":1,"minecraft:furnace":13,"minecraft:cooked_beef":2,"minecraft:cobbled_deepslate":56,"minecraft:acacia_planks":36,"minecraft:iron_leggings":1,"minecraft:cooked_mutton":15,"minecraft:water_bucket":44,"minecraft:diamond_boots":1,"minecraft:stone_pickaxe":48,"minecraft:oak_planks":44,"minecraft:wooden_pickaxe":8,"minecraft:white_wool":1,"minecraft:golden_apple":1,"minecraft:glow_berries":6,"minecraft:crafting_table":9,"minecraft:white_bed":1,"minecraft:sunflower":3,"minecraft:bread":2,"minecraft:iron_pickaxe":129,"minecraft:stone_axe":36,"minecraft:cobblestone":7,"minecraft:cooked_porkchop":10,"minecraft:bucket":45,"minecraft:gray_wool":1,"minecraft:diamond_leggings":1},"minecraft:picked_up":{"minecraft:wooden_axe":1,"minecraft:crafting_table":8,"minecraft:wooden_pickaxe":1,"minecraft:diamond_horse_armor":1,"minecraft:shield":2,"minecraft:string":30,"minecraft:cobbled_deepslate":56,"minecraft:beef":2,"minecraft:light_gray_wool":1,"minecraft:furnace":11,"minecraft:raw_iron":36,"minecraft:stick":10,"minecraft:torch":3,"minecraft:acacia_log":10,"minecraft:porkchop":11,"minecraft:pointed_dripstone":5,"minecraft:carrot":1,"minecraft:rabbit_foot":1,"minecraft:stone_sword":1,"minecraft:arrow":46,"minecraft:rotten_flesh":17,"minecraft:saddle":1,"minecraft:mutton":23,"minecraft:white_wool":9,"minecraft:cobblestone":39,"minecraft:lilac":3,"minecraft:andesite":3,"minecraft:leather":4,"minecraft:flint":5,"minecraft:tuff":1,"minecraft:oak_log":64,"minecraft:dirt":95,"minecraft:cooked_mutton":11,"minecraft:bone":13,"minecraft:acacia_planks":17,"minecraft:wheat_seeds":31,"minecraft:iron_ingot":12,"minecraft:oak_planks":64,"minecraft:cooked_porkchop":9,"minecraft:white_bed":1,"minecraft:spider_eye":3,"minecraft:diamond":25,"minecraft:golden_apple":1,"minecraft:gray_wool":1,"minecraft:melon_seeds":1,"minecraft:oak_sapling":5,"minecraft:black_wool":1,"minecraft:coal":103,"minecraft:sunflower":3},"minecraft:killed":{"minecraft:spider":3,"minecraft:skeleton":17,"minecraft:pig":6,"minecraft:zombie_villager":1,"minecraft:sheep":13,"minecraft:zombie":12,"minecraft:cow":1},"minecraft:crafted":{"minecraft:oak_planks":112,"minecraft:furnace":2,"minecraft:cooked_mutton":9,"minecraft:diamond_helmet":1,"minecraft:diamond_leggings":1,"minecraft:iron_boots":1,"minecraft:iron_axe":1,"minecraft:stone_pickaxe":1,"minecraft:diamond_boots":1,"minecraft:cooked_beef":2,"minecraft:cooked_porkchop":1,"minecraft:crafting_table":1,"minecraft:wooden_pickaxe":1,"minecraft:iron_helmet":1,"minecraft:iron_sword":1,"minecraft:stone_axe":1,"minecraft:iron_chestplate":1,"minecraft:shield":4,"minecraft:stick":24,"minecraft:iron_ingot":26,"minecraft:iron_pickaxe":1,"minecraft:wooden_axe":1,"minecraft:stone_sword":1,"minecraft:iron_shovel":1,"minecraft:iron_leggings":1,"minecraft:white_bed":1,"minecraft:acacia_planks":40,"minecraft:diamond_chestplate":1},"minecraft:custom":{"minecraft:mob_kills":56,"minecraft:interact_with_crafting_table":24,"minecraft:leave_game":5,"minecraft:time_since_death":1424,"minecraft:sprint_one_cm":559281,"minecraft:walk_one_cm":210498,"minecraft:damage_blocked_by_shield":8139,"minecraft:drop":21,"minecraft:play_time":132200,"minecraft:deaths":22,"minecraft:sneak_time":13490,"minecraft:walk_under_water_one_cm":11121,"minecraft:jump":3847,"minecraft:walk_on_water_one_cm":21310,"minecraft:total_world_time":132200,"minecraft:interact_with_furnace":61,"minecraft:sleep_in_bed":1,"minecraft:time_since_rest":1444,"minecraft:damage_taken":7998,"minecraft:damage_absorbed":20,"minecraft:damage_dealt":10028,"minecraft:player_kills":5,"minecraft:swim_one_cm":17823,"minecraft:fly_one_cm":801886,"minecraft:open_chest":4,"minecraft:crouch_one_cm":35583,"minecraft:fall_one_cm":121371,"minecraft:interact_with_smoker":5},"minecraft:broken":{"minecraft:stone_sword":2,"minecraft:shield":2}},"DataVersion":3465}