{"stats":{"minecraft:crafted":{"minecraft:oak_planks":20,"minecraft:crafting_table":1,"minecraft:stick":8,"minecraft:wooden_axe":1},"minecraft:picked_up":{"minecraft:crafting_table":1,"minecraft:oak_log":10,"minecraft:moss_block":13,"minecraft:dirt":23},"minecraft:mined":{"minecraft:grass_block":28,"minecraft:oak_log":14,"minecraft:dirt":3,"minecraft:moss_block":21,"minecraft:crafting_table":1},"minecraft:custom":{"minecraft:time_since_rest":305,"minecraft:sprint_one_cm":770,"minecraft:crouch_one_cm":11740,"minecraft:walk_one_cm":22864,"minecraft:play_time":11692,"minecraft:damage_taken":4552,"minecraft:deaths":17,"minecraft:sneak_time":4470,"minecraft:jump":159,"minecraft:damage_dealt":1769,"minecraft:leave_game":1,"minecraft:time_since_death":280,"minecraft:total_world_time":11692,"minecraft:player_kills":5,"minecraft:interact_with_crafting_table":2,"minecraft:fall_one_cm":1790,"minecraft:fly_one_cm":5708},"minecraft:killed_by":{"minecraft:player":3},"minecraft:used":{"minecraft:wooden_axe":28,"minecraft:moss_block":9,"minecraft:dirt":14,"minecraft:crafting_table":1}},"DataVersion":3465}