{"stats":{"minecraft:killed_by":{"minecraft:player":1,"minecraft:skeleton":2,"minecraft:iron_golem":5},"minecraft:dropped":{"minecraft:gravel":10,"minecraft:porkchop":6,"minecraft:diamond":3,"minecraft:dripstone_block":9,"minecraft:cooked_porkchop":2,"minecraft:raw_iron":14,"minecraft:cobblestone":90,"minecraft:rotten_flesh":6,"minecraft:oak_planks":13,"minecraft:leather":2,"minecraft:coal":10,"minecraft:poppy":1,"minecraft:dirt":8,"minecraft:gunpowder":2,"minecraft:diorite":22,"minecraft:andesite":11,"minecraft:wooden_sword":2,"minecraft:wooden_pickaxe":3,"minecraft:raw_gold":6,"minecraft:bone":1},"minecraft:mined":{"minecraft:deepslate_redstone_ore":16,"minecraft:tuff":5,"minecraft:deepslate_diamond_ore":40,"minecraft:dandelion":1,"minecraft:crafting_table":1,"minecraft:torch":1,"minecraft:grass_block":14,"minecraft:sugar_cane":16,"minecraft:oak_planks":10,"minecraft:diorite":11,"minecraft:wall_torch":2,"minecraft:deepslate_copper_ore":6,"minecraft:hay_block":14,"minecraft:furnace":1,"minecraft:birch_log":3,"minecraft:iron_ore":17,"minecraft:cobbled_deepslate":2,"minecraft:andesite":11,"minecraft:deepslate_lapis_ore":2,"minecraft:grass":25,"minecraft:dirt_path":12,"minecraft:coal_ore":23,"minecraft:oak_log":14,"minecraft:deepslate_iron_ore":4,"minecraft:rail":36,"minecraft:gravel":5,"minecraft:dirt":3,"minecraft:cobweb":1,"minecraft:stone":90,"minecraft:gold_ore":6,"minecraft:oak_leaves":7,"minecraft:deepslate":125},"minecraft:used":{"minecraft:stone_pickaxe":131,"minecraft:wooden_pickaxe":16,"minecraft:sugar_cane":28,"minecraft:white_wool":1,"minecraft:torch":63,"minecraft:crafting_table":5,"minecraft:tuff":5,"minecraft:diamond_pickaxe":110,"minecraft:diamond_shovel":32,"minecraft:bread":7,"minecraft:iron_axe":20,"minecraft:iron_pickaxe":144,"minecraft:wooden_sword":39,"minecraft:diamond_sword":46,"minecraft:cobblestone":4,"minecraft:hay_block":2,"minecraft:furnace":1,"minecraft:oak_sapling":2,"minecraft:cobbled_deepslate":33},"minecraft:picked_up":{"minecraft:birch_log":3,"minecraft:crafting_table":1,"minecraft:andesite":11,"minecraft:leather":5,"minecraft:wooden_pickaxe":2,"minecraft:tuff":5,"minecraft:oak_log":14,"minecraft:gunpowder":2,"minecraft:lapis_lazuli":13,"minecraft:string":3,"minecraft:dirt":33,"minecraft:raw_copper":20,"minecraft:wooden_sword":1,"minecraft:bone":2,"minecraft:bow":1,"minecraft:wheat_seeds":3,"minecraft:cobbled_deepslate":127,"minecraft:raw_gold":12,"minecraft:beef":4,"minecraft:iron_ingot":5,"minecraft:poppy":2,"minecraft:sugar_cane":28,"minecraft:oak_planks":10,"minecraft:furnace":1,"minecraft:stick":2,"minecraft:raw_iron":38,"minecraft:dripstone_block":9,"minecraft:torch":4,"minecraft:dandelion":2,"minecraft:gravel":10,"minecraft:pointed_dripstone":18,"minecraft:diorite":22,"minecraft:redstone":63,"minecraft:rotten_flesh":15,"minecraft:diamond":43,"minecraft:hay_block":14,"minecraft:oak_sapling":2,"minecraft:mutton":10,"minecraft:coal":50,"minecraft:white_wool":8,"minecraft:rail":36,"minecraft:cobblestone":169},"minecraft:killed":{"minecraft:iron_golem":1,"minecraft:creeper":1,"minecraft:skeleton":3,"minecraft:sheep":8,"minecraft:zombie":9,"minecraft:cow":2},"minecraft:crafted":{"minecraft:wooden_sword":1,"minecraft:oak_planks":32,"minecraft:diamond_sword":1,"minecraft:cooked_porkchop":2,"minecraft:diamond_axe":1,"minecraft:crafting_table":5,"minecraft:wooden_pickaxe":1,"minecraft:furnace":1,"minecraft:diamond_shovel":1,"minecraft:birch_planks":12,"minecraft:bread":36,"minecraft:air":0,"minecraft:diamond_helmet":1,"minecraft:diamond_leggings":1,"minecraft:diamond_pickaxe":1,"minecraft:iron_axe":1,"minecraft:stick":36,"minecraft:iron_ingot":7,"minecraft:iron_pickaxe":1,"minecraft:stone_pickaxe":1,"minecraft:diamond_boots":1,"minecraft:torch":60,"minecraft:wheat":108,"minecraft:diamond_chestplate":1},"minecraft:custom":{"minecraft:interact_with_furnace":12,"minecraft:mob_kills":24,"minecraft:interact_with_crafting_table":18,"minecraft:bell_ring":9,"minecraft:interact_with_stonecutter":14,"minecraft:leave_game":2,"minecraft:time_since_death":2020,"minecraft:sleep_in_bed":2,"minecraft:time_since_rest":2046,"minecraft:sprint_one_cm":93838,"minecraft:damage_taken":2805,"minecraft:walk_one_cm":141956,"minecraft:drop":31,"minecraft:damage_dealt":4347,"minecraft:swim_one_cm":12644,"minecraft:talked_to_villager":4,"minecraft:fly_one_cm":152937,"minecraft:crouch_one_cm":5343,"minecraft:play_time":46336,"minecraft:deaths":10,"minecraft:sneak_time":2474,"minecraft:walk_under_water_one_cm":609,"minecraft:jump":913,"minecraft:walk_on_water_one_cm":3832,"minecraft:total_world_time":46336,"minecraft:fall_one_cm":25024},"minecraft:broken":{"minecraft:stone_pickaxe":1}},"DataVersion":3465}