{"stats":{"minecraft:dropped":{"minecraft:wooden_axe":2,"minecraft:wooden_pickaxe":2},"minecraft:mined":{"minecraft:white_bed":1,"minecraft:dandelion":1,"minecraft:oak_fence":2,"minecraft:crafting_table":5,"minecraft:torch":1,"minecraft:granite":40,"minecraft:grass_block":2,"minecraft:tall_grass":6,"minecraft:oxeye_daisy":1,"minecraft:diorite":2,"minecraft:wall_torch":4,"minecraft:hay_block":66,"minecraft:furnace":4,"minecraft:iron_ore":7,"minecraft:lilac":5,"minecraft:azure_bluet":1,"minecraft:grass":25,"minecraft:oak_log":18,"minecraft:coal_ore":12,"minecraft:gravel":2,"minecraft:dirt":6,"minecraft:stone":122,"minecraft:oak_leaves":4},"minecraft:used":{"minecraft:water_bucket":3,"minecraft:oak_fence":2,"minecraft:cooked_mutton":16,"minecraft:stone_sword":268,"minecraft:stone_pickaxe":174,"minecraft:oak_planks":38,"minecraft:chest":1,"minecraft:wooden_pickaxe":12,"minecraft:torch":4,"minecraft:dirt":10,"minecraft:crafting_table":6,"minecraft:white_bed":2,"minecraft:granite":39,"minecraft:wooden_axe":33,"minecraft:apple":2,"minecraft:iron_pickaxe":8,"minecraft:wooden_sword":7,"minecraft:cobblestone":6,"minecraft:furnace":5,"minecraft:cooked_porkchop":7,"minecraft:bucket":4},"minecraft:picked_up":{"minecraft:wooden_axe":2,"minecraft:crafting_table":6,"minecraft:azure_bluet":1,"minecraft:feather":6,"minecraft:lilac":5,"minecraft:chicken":6,"minecraft:leather":6,"minecraft:wooden_pickaxe":2,"minecraft:potato":1,"minecraft:oak_log":41,"minecraft:string":2,"minecraft:dirt":17,"minecraft:apple":2,"minecraft:wheat_seeds":2,"minecraft:iron_ingot":5,"minecraft:beef":15,"minecraft:poppy":2,"minecraft:light_gray_wool":1,"minecraft:oak_planks":84,"minecraft:furnace":3,"minecraft:stick":23,"minecraft:raw_iron":7,"minecraft:oak_fence":2,"minecraft:torch":4,"minecraft:dandelion":1,"minecraft:gravel":2,"minecraft:porkchop":52,"minecraft:white_bed":1,"minecraft:rotten_flesh":18,"minecraft:hay_block":66,"minecraft:granite":39,"minecraft:oak_sapling":12,"minecraft:mutton":30,"minecraft:coal":21,"minecraft:white_wool":17,"minecraft:cobblestone":130,"minecraft:oxeye_daisy":1},"minecraft:killed":{"minecraft:pig":25,"minecraft:spider":2,"minecraft:iron_golem":1,"minecraft:sheep":18,"minecraft:zombie":20,"minecraft:chicken":6,"minecraft:cow":7},"minecraft:crafted":{"minecraft:wooden_sword":1,"minecraft:oak_planks":124,"minecraft:cooked_porkchop":22,"minecraft:crafting_table":2,"minecraft:wooden_pickaxe":1,"minecraft:furnace":3,"minecraft:bucket":1,"minecraft:cooked_mutton":16,"minecraft:air":0,"minecraft:stick":8,"minecraft:iron_ingot":3,"minecraft:iron_pickaxe":1,"minecraft:stone_pickaxe":4,"minecraft:wooden_axe":1,"minecraft:stone_sword":2,"minecraft:chest":1,"minecraft:white_bed":1,"minecraft:wheat":108},"minecraft:custom":{"minecraft:interact_with_furnace":26,"minecraft:mob_kills":79,"minecraft:animals_bred":2,"minecraft:interact_with_crafting_table":21,"minecraft:leave_game":1,"minecraft:time_since_death":218,"minecraft:sleep_in_bed":1,"minecraft:time_since_rest":253,"minecraft:sprint_one_cm":158925,"minecraft:damage_taken":2040,"minecraft:walk_one_cm":85851,"minecraft:drop":4,"minecraft:damage_dealt":11564,"minecraft:swim_one_cm":33937,"minecraft:fly_one_cm":287826,"minecraft:player_kills":8,"minecraft:open_chest":6,"minecraft:crouch_one_cm":8999,"minecraft:play_time":45419,"minecraft:deaths":1,"minecraft:sneak_time":3686,"minecraft:walk_under_water_one_cm":8873,"minecraft:jump":1486,"minecraft:walk_on_water_one_cm":7901,"minecraft:total_world_time":45419,"minecraft:fall_one_cm":49066},"minecraft:broken":{"minecraft:stone_pickaxe":1,"minecraft:stone_sword":1}},"DataVersion":3465}