{"stats":{"minecraft:picked_up":{"minecraft:dirt":19},"minecraft:mined":{"minecraft:grass_block":24},"minecraft:custom":{"minecraft:jump":8,"minecraft:time_since_rest":91,"minecraft:damage_dealt":65,"minecraft:crouch_one_cm":4281,"minecraft:walk_one_cm":1461,"minecraft:play_time":6000,"minecraft:damage_taken":2055,"minecraft:time_since_death":0,"minecraft:deaths":8,"minecraft:sneak_time":1617,"minecraft:total_world_time":6000,"minecraft:fall_one_cm":422,"minecraft:fly_one_cm":1272},"minecraft:used":{"minecraft:dirt":17}},"DataVersion":3465}