{"stats":{"minecraft:crafted":{"minecraft:oak_planks":48,"minecraft:wooden_shovel":1,"minecraft:crafting_table":1,"minecraft:stick":4,"minecraft:wooden_axe":1},"minecraft:picked_up":{"minecraft:crafting_table":1,"minecraft:oak_log":17,"minecraft:moss_block":38,"minecraft:dirt":69},"minecraft:mined":{"minecraft:grass_block":59,"minecraft:oak_log":13,"minecraft:dirt":6,"minecraft:spruce_leaves":1,"minecraft:moss_block":31,"minecraft:crafting_table":1},"minecraft:custom":{"minecraft:time_since_rest":889,"minecraft:deaths":21,"minecraft:crouch_one_cm":17974,"minecraft:play_time":17179,"minecraft:sprint_one_cm":7711,"minecraft:damage_taken":5348,"minecraft:walk_one_cm":20782,"minecraft:sneak_time":6001,"minecraft:jump":187,"minecraft:damage_dealt":1458,"minecraft:leave_game":1,"minecraft:time_since_death":850,"minecraft:total_world_time":17179,"minecraft:talked_to_villager":1,"minecraft:interact_with_crafting_table":2,"minecraft:fall_one_cm":2607,"minecraft:fly_one_cm":14640,"minecraft:player_kills":3},"minecraft:killed_by":{"minecraft:player":5},"minecraft:used":{"minecraft:wooden_axe":12,"minecraft:moss_block":38,"minecraft:dirt":68,"minecraft:crafting_table":1,"minecraft:wooden_shovel":40},"minecraft:broken":{"minecraft:wooden_shovel":1}},"DataVersion":3465}