{"stats":{"minecraft:broken":{"minecraft:iron_shovel":1,"minecraft:stone_pickaxe":1,"minecraft:shield":1,"minecraft:iron_pickaxe":1,"minecraft:iron_helmet":1,"minecraft:wooden_axe":1},"minecraft:crafted":{"minecraft:black_dye":7,"minecraft:wooden_sword":1,"minecraft:oak_planks":16,"minecraft:furnace":1,"minecraft:cooked_mutton":13,"minecraft:stone_pickaxe":1,"minecraft:black_wool":5,"minecraft:smoker":1,"minecraft:cooked_beef":20,"minecraft:crafting_table":3,"minecraft:wooden_pickaxe":1,"minecraft:iron_sword":1,"minecraft:birch_planks":16,"minecraft:stone_axe":1,"minecraft:air":0,"minecraft:stick":28,"minecraft:iron_ingot":5,"minecraft:iron_pickaxe":2,"minecraft:stone_sword":1,"minecraft:iron_shovel":2,"minecraft:iron_leggings":2,"minecraft:white_bed":1,"minecraft:acacia_planks":60},"minecraft:used":{"minecraft:stone_sword":74,"minecraft:iron_shovel":330,"minecraft:shield":28,"minecraft:iron_sword":192,"minecraft:rotten_flesh":1,"minecraft:torch":7,"minecraft:dirt":368,"minecraft:wooden_axe":27,"minecraft:smooth_basalt":2,"minecraft:bow":130,"minecraft:hay_block":4,"minecraft:furnace":1,"minecraft:oak_sapling":3,"minecraft:acacia_fence":2,"minecraft:cooked_beef":20,"minecraft:cobbled_deepslate":76,"minecraft:acacia_planks":72,"minecraft:iron_leggings":2,"minecraft:calcite":4,"minecraft:cooked_mutton":7,"minecraft:birch_planks":1,"minecraft:stone_pickaxe":163,"minecraft:wooden_pickaxe":86,"minecraft:mossy_cobblestone":3,"minecraft:crafting_table":7,"minecraft:spider_eye":1,"minecraft:white_bed":1,"minecraft:dripstone_block":17,"minecraft:smoker":3,"minecraft:black_wool":9,"minecraft:apple":1,"minecraft:bread":1,"minecraft:string":1,"minecraft:brown_wool":1,"minecraft:iron_pickaxe":209,"minecraft:gravel":9,"minecraft:stone_axe":165,"minecraft:fire_charge":1,"minecraft:wooden_sword":98,"minecraft:cobblestone":60},"minecraft:killed_by":{"minecraft:player":7,"minecraft:creeper":5,"minecraft:enderman":1,"minecraft:iron_golem":2,"minecraft:skeleton":11,"minecraft:zombie":3},"minecraft:killed":{"minecraft:cave_spider":3,"minecraft:spider":7,"minecraft:skeleton":5,"minecraft:chicken":1,"minecraft:salmon":1,"minecraft:rabbit":1,"minecraft:iron_golem":1,"minecraft:bat":2,"minecraft:squid":4,"minecraft:sheep":11,"minecraft:zombie":19,"minecraft:cow":16},"minecraft:dropped":{"minecraft:birch_planks":1,"minecraft:wheat_seeds":66,"minecraft:lilac":1,"minecraft:oak_log":14,"minecraft:feather":2,"minecraft:leather":2,"minecraft:iron_horse_armor":1,"minecraft:saddle":1,"minecraft:golden_apple":1,"minecraft:stick":3,"minecraft:flint":4,"minecraft:music_disc_13":1,"minecraft:diamond_horse_armor":1,"minecraft:dirt":6,"minecraft:wooden_axe":2,"minecraft:rabbit":1,"minecraft:wooden_sword":1,"minecraft:iron_shovel":1,"minecraft:string":16,"minecraft:pink_petals":2,"minecraft:stone_axe":1,"minecraft:stone_sword":1,"minecraft:rotten_flesh":14,"minecraft:oak_planks":2,"minecraft:pumpkin_seeds":6,"minecraft:rabbit_foot":1,"minecraft:shield":2,"minecraft:beetroot_seeds":16,"minecraft:melon_seeds":6,"minecraft:spider_eye":1,"minecraft:arrow":3,"minecraft:wooden_pickaxe":1},"minecraft:custom":{"minecraft:mob_kills":74,"minecraft:interact_with_crafting_table":20,"minecraft:leave_game":4,"minecraft:time_since_death":2726,"minecraft:sprint_one_cm":479113,"minecraft:walk_one_cm":204546,"minecraft:damage_blocked_by_shield":1665,"minecraft:drop":64,"minecraft:play_time":149937,"minecraft:deaths":33,"minecraft:sneak_time":21429,"minecraft:walk_under_water_one_cm":12230,"minecraft:jump":4291,"minecraft:walk_on_water_one_cm":25455,"minecraft:total_world_time":149937,"minecraft:interact_with_furnace":19,"minecraft:sleep_in_bed":2,"minecraft:time_since_rest":2746,"minecraft:damage_taken":11399,"minecraft:damage_dealt":12683,"minecraft:fly_one_cm":832151,"minecraft:swim_one_cm":21601,"minecraft:player_kills":11,"minecraft:open_chest":16,"minecraft:crouch_one_cm":56055,"minecraft:interact_with_smoker":23,"minecraft:fall_one_cm":134729},"minecraft:mined":{"minecraft:white_bed":1,"minecraft:mossy_cobblestone":1,"minecraft:deepslate_diamond_ore":9,"minecraft:cherry_log":24,"minecraft:acacia_log":14,"minecraft:grass_block":118,"minecraft:spawner":5,"minecraft:hay_block":4,"minecraft:furnace":1,"minecraft:iron_ore":2,"minecraft:cobbled_deepslate":11,"minecraft:fire":1,"minecraft:deepslate_lapis_ore":16,"minecraft:dirt_path":1,"minecraft:deepslate_iron_ore":14,"minecraft:stone":79,"minecraft:white_wool":1,"minecraft:smoker":2,"minecraft:crafting_table":4,"minecraft:torch":4,"minecraft:calcite":4,"minecraft:cobblestone":2,"minecraft:tall_grass":39,"minecraft:sugar_cane":5,"minecraft:wall_torch":1,"minecraft:amethyst_block":5,"minecraft:pink_petals":1,"minecraft:birch_log":4,"minecraft:wheat":7,"minecraft:lilac":1,"minecraft:birch_leaves":10,"minecraft:black_wool":2,"minecraft:grass":377,"minecraft:oak_log":18,"minecraft:coal_ore":64,"minecraft:acacia_fence":2,"minecraft:dripstone_block":9,"minecraft:dirt":331,"minecraft:cobweb":48,"minecraft:smooth_basalt":2,"minecraft:acacia_planks":46,"minecraft:oak_leaves":8,"minecraft:deepslate":64},"minecraft:picked_up":{"minecraft:wooden_axe":3,"minecraft:iron_chestplate":1,"minecraft:crafting_table":4,"minecraft:chicken":1,"minecraft:wooden_pickaxe":1,"minecraft:shield":4,"minecraft:string":27,"minecraft:iron_leggings":1,"minecraft:iron_shovel":1,"minecraft:cobbled_deepslate":81,"minecraft:beef":30,"minecraft:calcite":4,"minecraft:sugar_cane":13,"minecraft:furnace":1,"minecraft:iron_boots":1,"minecraft:stick":8,"minecraft:raw_iron":16,"minecraft:acacia_fence":2,"minecraft:torch":4,"minecraft:acacia_log":15,"minecraft:cherry_log":24,"minecraft:rabbit_foot":1,"minecraft:arrow":36,"minecraft:rotten_flesh":14,"minecraft:beetroot_seeds":8,"minecraft:hay_block":4,"minecraft:mutton":15,"minecraft:cobblestone":84,"minecraft:white_wool":8,"minecraft:birch_log":4,"minecraft:pink_petals":2,"minecraft:feather":4,"minecraft:lilac":4,"minecraft:brown_wool":1,"minecraft:leather":17,"minecraft:smoker":2,"minecraft:birch_planks":1,"minecraft:oak_log":32,"minecraft:lapis_lazuli":114,"minecraft:dirt":517,"minecraft:cooked_mutton":5,"minecraft:bone":7,"minecraft:acacia_planks":45,"minecraft:apple":2,"minecraft:bow":1,"minecraft:wheat_seeds":67,"minecraft:rabbit_hide":1,"minecraft:iron_ingot":3,"minecraft:rabbit":2,"minecraft:oak_planks":11,"minecraft:smooth_basalt":2,"minecraft:dripstone_block":17,"minecraft:gravel":9,"minecraft:ink_sac":7,"minecraft:white_bed":1,"minecraft:spider_eye":2,"minecraft:mossy_cobblestone":3,"minecraft:pumpkin_seeds":4,"minecraft:diamond":7,"minecraft:stone_axe":1,"minecraft:iron_helmet":1,"minecraft:oak_sapling":9,"minecraft:black_wool":5,"minecraft:melon_seeds":3,"minecraft:coal":63}},"DataVersion":3465}